review_id,customer_name,product_category,product_name,rating,review_text,date,location,verified_purchase
123A518E,Sarah Gupta,Beauty & Personal Care,Shampoo,5,Best purchase I've made this year. Works perfectly and the build quality is outstanding. The shampoo is exactly what I needed.,2024-01-02,New York,Yes
FBB249B1,Robert Shah,Clothing,Running Shoes,4,Five stars without hesitation. This product has made my life so much easier. Love it! The running shoes is exactly what I needed.,2024-01-02,Sydney,No
98487FB9,Robert Li,Beauty & Personal Care,Electric Toothbrush,1,Not as described at all. The quality is terrible and it barely functions. Very disappointed. The electric toothbrush did not meet my expectations.,2024-01-07,Chennai,No
3DDDC473,Lin Chen,Home & Kitchen,Coffee Maker,4,Outstanding product! The attention to detail is impressive. Absolutely worth every penny. The coffee maker is exactly what I needed.,2024-01-08,Hyderabad,Yes
F413976D,Kavitha Martinez,Books,Atomic Habits,5,This is a fantastic product. I've been using it for a month now and it still works perfectly. The atomic habits is exactly what I needed.,2024-01-15,Los Angeles,Yes
540BC148,Nandita Brown,Home & Kitchen,Coffee Maker,5,Best purchase I've made this year. Works perfectly and the build quality is outstanding. The coffee maker is exactly what I needed.,2024-01-16,Mumbai,Yes
96F41763,Chen Ahmed,Sports & Fitness,Cycling Helmet,4,This is a fantastic product. I've been using it for a month now and it still works perfectly. The cycling helmet is exactly what I needed.,2024-01-17,Pune,No
08BD0378,Nikhil Brown,Electronics,Tablet,5,Really impressed with the quality. It's well-designed and works smoothly. Great value for money. The tablet is exactly what I needed.,2024-01-19,Delhi,Yes
E41B0AF7,Nikhil Li,Clothing,Running Shoes,4,Best purchase I've made this year. Works perfectly and the build quality is outstanding. The running shoes is exactly what I needed.,2024-01-26,Sydney,No
7008364B,Nikhil Zhou,Beauty & Personal Care,Face Moisturizer,4,Top quality product. Does exactly what it promises. Fast shipping and secure packaging as well. The face moisturizer is exactly what I needed.,2024-01-27,Los Angeles,Yes
BCA149BD,Rohan Malik,Sports & Fitness,Dumbbells,3,Product is satisfactory. Delivery was timely and packaging was adequate. Just okay. The dumbbells is an average product.,2024-01-31,Mumbai,No
2C6E0B59,Sarah Sharma,Books,Clean Code,2,Low quality and overpriced. Stopped working after a few uses. Not worth buying. The clean code did not meet my expectations.,2024-02-02,Tokyo,Yes
F74B15FE,Swathi Hussain,Sports & Fitness,Cycling Helmet,2,Broke within a month of use. The quality is extremely poor. Would not recommend to anyone. The cycling helmet did not meet my expectations.,2024-02-03,Dubai,No
221FE003,Lisa Patel,Books,The Alchemist,5,Superb quality and great packaging. Product arrived in perfect condition and works brilliantly. The the alchemist is exactly what I needed.,2024-02-06,Manchester,Yes
56EE1DA9,William Hassan,Sports & Fitness,Protein Powder,5,Five stars without hesitation. This product has made my life so much easier. Love it! The protein powder is exactly what I needed.,2024-02-07,Tokyo,Yes
03B6C2BB,Ahmed Taylor,Electronics,Tablet,2,Do not buy this! The product malfunctioned on day one. Total disappointment. The tablet did not meet my expectations.,2024-02-08,Chicago,No
C5633B6F,Omar Pillai,Beauty & Personal Care,Electric Toothbrush,3,Fairly standard product. Works adequately and packaging was fine. Middle of the road. The electric toothbrush is an average product.,2024-02-09,Abu Dhabi,Yes
1798474B,Ananya Li,Home & Kitchen,Coffee Maker,1,Useless product that broke immediately. Packaging was misleading. Customer service unhelpful. The coffee maker did not meet my expectations.,2024-02-10,Bangalore,Yes
CD1E42CA,Jennifer Zhou,Books,Machine Learning Basics,5,Top quality product. Does exactly what it promises. Fast shipping and secure packaging as well. The machine learning basics is exactly what I needed.,2024-02-10,Kolkata,Yes
F02926C1,Arjun Huang,Books,Python for Beginners,5,Absolutely love this product! It exceeded all my expectations. The quality is superb and the delivery was fast. The python for beginners is exactly what I needed.,2024-02-11,New York,Yes
E4DDED67,Yang Smith,Beauty & Personal Care,Sunscreen SPF50,5,Outstanding product! The attention to detail is impressive. Absolutely worth every penny. The sunscreen spf50 is exactly what I needed.,2024-02-12,New York,No
636CA96D,Xiao Ali,Clothing,Winter Jacket,4,Really impressed with the quality. It's well-designed and works smoothly. Great value for money. The winter jacket is exactly what I needed.,2024-02-14,Houston,Yes
A5A4C03B,Yang Anderson,Electronics,Tablet,5,Absolutely love this product! It exceeded all my expectations. The quality is superb and the delivery was fast. The tablet is exactly what I needed.,2024-02-17,Kolkata,No
531358ED,Karthik Qureshi,Clothing,Cotton T-Shirt,5,Exceeded my expectations in every way. Very happy with this purchase. Will definitely buy again. The cotton t-shirt is exactly what I needed.,2024-02-18,Houston,No
00C4159D,Omar Chen,Clothing,Running Shoes,2,"Awful product. Materials are cheap, performance is terrible, and it broke quickly. Avoid! The running shoes did not meet my expectations.",2024-02-21,Abu Dhabi,Yes
37CC7DD9,Vikram Chen,Electronics,Wireless Headphones,4,Loving this product so much! Quality is great and it's very easy to use. Highly recommend. The wireless headphones is exactly what I needed.,2024-02-21,Pune,Yes
2C1A84C4,William Iyer,Clothing,Sports Leggings,5,"Very pleased with this purchase. It's durable, easy to use, and delivers excellent results. The sports leggings is exactly what I needed.",2024-02-21,Abu Dhabi,No
FED2242D,Sarah Nair,Books,Data Science Handbook,5,Really impressed with the quality. It's well-designed and works smoothly. Great value for money. The data science handbook is exactly what I needed.,2024-02-22,Abu Dhabi,Yes
169E6552,Ling Qureshi,Sports & Fitness,Dumbbells,3,Product is okay. Does what it's supposed to but nothing special. Average quality for the price. The dumbbells is an average product.,2024-02-24,Ahmedabad,Yes
16EF4AFF,Nikhil Qureshi,Beauty & Personal Care,Sunscreen SPF50,5,"Very pleased with this purchase. It's durable, easy to use, and delivers excellent results. The sunscreen spf50 is exactly what I needed.",2024-02-27,Kolkata,No
10D69EFB,Michael Qureshi,Sports & Fitness,Protein Powder,3,It's functional but unremarkable. Quality seems average for the price range. The protein powder is an average product.,2024-02-28,Chennai,Yes
75A75211,Fang Reddy,Electronics,Smartphone,5,"Excellent purchase! The product is solid, stylish, and functions perfectly. Very happy! The smartphone is exactly what I needed.",2024-02-28,Dubai,No
DF9A1B7A,Karthik Anderson,Electronics,Wireless Headphones,3,Reasonable product. Does its job but there are better alternatives at this price point. The wireless headphones is an average product.,2024-02-29,Singapore,Yes
86E91447,Layla Rahman,Books,Machine Learning Basics,2,Low quality and overpriced. Stopped working after a few uses. Not worth buying. The machine learning basics did not meet my expectations.,2024-03-01,Sydney,Yes
D61D229E,Yusuf Patel,Electronics,Tablet,5,Wonderful product at a reasonable price. Functions well and arrived quickly. Will purchase again. The tablet is exactly what I needed.,2024-03-02,Houston,No
61A22DB5,Vikram Anderson,Books,Atomic Habits,5,Best purchase I've made this year. Works perfectly and the build quality is outstanding. The atomic habits is exactly what I needed.,2024-03-05,Houston,Yes
42F4BFA0,Jing Liu,Home & Kitchen,Instant Pot,4,"Very pleased with this purchase. It's durable, easy to use, and delivers excellent results. The instant pot is exactly what I needed.",2024-03-06,Bangalore,No
9AF453DF,Layla Singh,Electronics,Smart Watch,2,Waste of money. Product quality is very poor and it started having issues on day one. The smart watch did not meet my expectations.,2024-03-07,Tokyo,Yes
1EFD63D8,Jennifer Zhang,Clothing,Sports Leggings,5,Five stars without hesitation. This product has made my life so much easier. Love it! The sports leggings is exactly what I needed.,2024-03-07,Delhi,Yes
724EE0E5,Ananya Lee,Home & Kitchen,Blender,1,Waste of money. Product quality is very poor and it started having issues on day one. The blender did not meet my expectations.,2024-03-08,Chicago,No
AEB67A0B,Tariq Malik,Beauty & Personal Care,Electric Toothbrush,5,Wonderful product at a reasonable price. Functions well and arrived quickly. Will purchase again. The electric toothbrush is exactly what I needed.,2024-03-08,Hyderabad,Yes
07275E10,Vikram Martinez,Sports & Fitness,Resistance Bands,5,"Excellent purchase! The product is solid, stylish, and functions perfectly. Very happy! The resistance bands is exactly what I needed.",2024-03-10,Manchester,Yes
12020F88,Deepak Gupta,Clothing,Formal Shirt,4,Really impressed with the quality. It's well-designed and works smoothly. Great value for money. The formal shirt is exactly what I needed.,2024-03-14,Ahmedabad,Yes
1D9587A6,Sanjay Patel,Home & Kitchen,Air Fryer,5,"Very pleased with this purchase. It's durable, easy to use, and delivers excellent results. The air fryer is exactly what I needed.",2024-03-15,Los Angeles,No
3589DA68,Rohan Sun,Books,Atomic Habits,2,Useless product that broke immediately. Packaging was misleading. Customer service unhelpful. The atomic habits did not meet my expectations.,2024-03-19,Sydney,Yes
251DBFE9,Lin Johnson,Books,The Alchemist,3,The product is average. Nothing to write home about but it serves its purpose. The the alchemist is an average product.,2024-03-21,Houston,Yes
BAF0AB76,Sneha Zhang,Books,Clean Code,4,"Excellent purchase! The product is solid, stylish, and functions perfectly. Very happy! The clean code is exactly what I needed.",2024-03-21,Bangalore,Yes
55893627,Swathi Iyer,Clothing,Sports Leggings,4,Amazing product! Setup was easy and it works flawlessly. Customer support was also very helpful. The sports leggings is exactly what I needed.,2024-03-24,Tokyo,Yes
72B2E60C,Deepak Liu,Clothing,Formal Shirt,4,This product is a game changer! Works amazing and delivery was super fast. 100% satisfied. The formal shirt is exactly what I needed.,2024-03-25,Sydney,No
5D9EBD9F,Chen White,Beauty & Personal Care,Lip Balm,5,Really impressed with the quality. It's well-designed and works smoothly. Great value for money. The lip balm is exactly what I needed.,2024-03-26,Mumbai,Yes
83C6834F,Jing Nair,Sports & Fitness,Tennis Racket,3,Reasonable product. Does its job but there are better alternatives at this price point. The tennis racket is an average product.,2024-03-27,Los Angeles,Yes
9EBB3CCC,Hana Mirza,Electronics,Smart Watch,1,Not as described at all. The quality is terrible and it barely functions. Very disappointed. The smart watch did not meet my expectations.,2024-03-28,Houston,Yes
9BFD6D73,Sanjay Malik,Home & Kitchen,Air Fryer,1,Product doesn't match the description. Performance is far below average. Very unsatisfied. The air fryer did not meet my expectations.,2024-03-30,Singapore,Yes
4EC4F96F,Ananya Sun,Books,Atomic Habits,5,Five stars without hesitation. This product has made my life so much easier. Love it! The atomic habits is exactly what I needed.,2024-03-30,London,Yes
C043EA0D,Ling Li,Clothing,Sports Leggings,2,Broke within a month of use. The quality is extremely poor. Would not recommend to anyone. The sports leggings did not meet my expectations.,2024-03-31,Birmingham,No
963AE55D,Pooja Khan,Books,Machine Learning Basics,1,"Awful product. Materials are cheap, performance is terrible, and it broke quickly. Avoid! The machine learning basics did not meet my expectations.",2024-04-02,Dubai,Yes
80998F86,Fatima Davis,Home & Kitchen,Air Fryer,4,"Very pleased with this purchase. It's durable, easy to use, and delivers excellent results. The air fryer is exactly what I needed.",2024-04-03,Houston,Yes
F9438A93,Priya Shah,Beauty & Personal Care,Vitamin C Serum,1,Worst purchase ever. The product doesn't work properly and customer support was unhelpful. The vitamin c serum did not meet my expectations.,2024-04-07,Chicago,No
0FDDD12C,Meera Sharma,Electronics,Smartphone,5,Great quality and fast delivery. The product is well-made and does exactly what it's supposed to do. The smartphone is exactly what I needed.,2024-04-11,Delhi,Yes
AF1913C1,Jing Martinez,Beauty & Personal Care,Electric Toothbrush,2,Waste of money. Product quality is very poor and it started having issues on day one. The electric toothbrush did not meet my expectations.,2024-04-17,Bangalore,Yes
78A26B4C,Ling Gupta,Books,Python for Beginners,1,"Awful product. Materials are cheap, performance is terrible, and it broke quickly. Avoid! The python for beginners did not meet my expectations.",2024-04-18,New York,Yes
9D4B4676,Hassan Gupta,Books,Data Science Handbook,3,Reasonable product. Does its job but there are better alternatives at this price point. The data science handbook is an average product.,2024-04-19,Tokyo,No
8555BA63,Suresh Zhang,Books,Clean Code,1,Broke within a month of use. The quality is extremely poor. Would not recommend to anyone. The clean code did not meet my expectations.,2024-04-21,Sydney,Yes
517A9D27,William Hassan,Books,Data Science Handbook,5,Highly recommend this to everyone. Excellent value for money and top-notch performance. The data science handbook is exactly what I needed.,2024-04-23,Mumbai,No
18133127,Swathi Lee,Clothing,Running Shoes,3,The product is average. Nothing to write home about but it serves its purpose. The running shoes is an average product.,2024-04-25,Pune,No
78DDCAD8,Fang Nair,Books,Python for Beginners,3,The product is average. Nothing to write home about but it serves its purpose. The python for beginners is an average product.,2024-04-26,Manchester,Yes
0CE46069,Vikram Patel,Books,Data Science Handbook,1,Terrible experience! The product is nothing like described. Complete waste of money. The data science handbook did not meet my expectations.,2024-04-27,Chicago,Yes
79242F04,David Joshi,Home & Kitchen,Instant Pot,2,Do not buy this! The product malfunctioned on day one. Total disappointment. The instant pot did not meet my expectations.,2024-04-28,Pune,Yes
BE5FDEBC,Karthik Malik,Beauty & Personal Care,Vitamin C Serum,5,Highly recommend this to everyone. Excellent value for money and top-notch performance. The vitamin c serum is exactly what I needed.,2024-04-29,New York,No
8FA3A3E1,Hassan Anderson,Sports & Fitness,Cycling Helmet,3,Average experience. Product works but has minor issues that could be improved. The cycling helmet is an average product.,2024-04-29,Los Angeles,No
E6F01004,Karthik Joshi,Home & Kitchen,Robot Vacuum,5,I'm extremely satisfied with this purchase. The product is exactly as described and works great. The robot vacuum is exactly what I needed.,2024-04-30,New York,Yes
E657A6A3,Rohan Johnson,Books,Clean Code,5,I'm extremely satisfied with this purchase. The product is exactly as described and works great. The clean code is exactly what I needed.,2024-05-01,Manchester,Yes
C3AB957B,Yusuf Rahman,Home & Kitchen,Blender,1,Waste of money. Product quality is very poor and it started having issues on day one. The blender did not meet my expectations.,2024-05-03,Kolkata,Yes
B55EBB77,Chen Wang,Clothing,Formal Shirt,4,This product is a game changer! Works amazing and delivery was super fast. 100% satisfied. The formal shirt is exactly what I needed.,2024-05-03,Dubai,No
41D81779,Yang Mirza,Clothing,Winter Jacket,3,Average experience. Product works but has minor issues that could be improved. The winter jacket is an average product.,2024-05-04,Tokyo,No
B2CEEBCC,Suresh Gupta,Beauty & Personal Care,Face Moisturizer,1,"Save your money. This product is poorly made, doesn't work as advertised, and is overpriced. The face moisturizer did not meet my expectations.",2024-05-05,Chennai,Yes
E22AB15C,Meera Iyer,Clothing,Cotton T-Shirt,2,Poor quality product. Multiple defects and customer service was completely unresponsive. The cotton t-shirt did not meet my expectations.,2024-05-06,Delhi,Yes
AA6A14CA,Vikram Shah,Clothing,Cotton T-Shirt,3,Average experience. Product works but has minor issues that could be improved. The cotton t-shirt is an average product.,2024-05-07,Singapore,Yes
8FBDD115,Arun Brown,Beauty & Personal Care,Electric Toothbrush,5,Amazing product! Setup was easy and it works flawlessly. Customer support was also very helpful. The electric toothbrush is exactly what I needed.,2024-05-07,Singapore,No
B756430B,Divya Mirza,Beauty & Personal Care,Sunscreen SPF50,4,This product is a game changer! Works amazing and delivery was super fast. 100% satisfied. The sunscreen spf50 is exactly what I needed.,2024-05-07,Hyderabad,No
9EDB41A4,Kavitha Pillai,Home & Kitchen,Coffee Maker,5,This product is a game changer! Works amazing and delivery was super fast. 100% satisfied. The coffee maker is exactly what I needed.,2024-05-08,Mumbai,Yes
3FC1E2FC,Sneha Wang,Clothing,Running Shoes,5,I'm extremely satisfied with this purchase. The product is exactly as described and works great. The running shoes is exactly what I needed.,2024-05-08,Houston,Yes
7DB8A503,Ananya Wang,Home & Kitchen,Blender,3,It functions as advertised but feels somewhat overpriced for the quality offered. The blender is an average product.,2024-05-09,Mumbai,Yes
EDD8345D,Omar Chen,Electronics,Smart Watch,5,Cannot be happier with this purchase. It performs better than expected and looks great too. The smart watch is exactly what I needed.,2024-05-19,Dubai,No
B8A59162,Nikhil Zhou,Electronics,Wireless Headphones,5,I'm extremely satisfied with this purchase. The product is exactly as described and works great. The wireless headphones is exactly what I needed.,2024-05-19,Pune,Yes
82E10775,William Qureshi,Clothing,Sports Leggings,1,Broke within a month of use. The quality is extremely poor. Would not recommend to anyone. The sports leggings did not meet my expectations.,2024-05-19,Dubai,No
6C8C595E,Nadia Singh,Electronics,Smart Watch,4,Outstanding product! The attention to detail is impressive. Absolutely worth every penny. The smart watch is exactly what I needed.,2024-05-20,Houston,Yes
DB4A83B8,Sanjay White,Electronics,Laptop,3,Product meets expectations at a basic level. Not exceptional but acceptable overall. The laptop is an average product.,2024-05-20,Sydney,Yes
833C5B8D,Kavitha Wu,Clothing,Cotton T-Shirt,4,Really impressed with the quality. It's well-designed and works smoothly. Great value for money. The cotton t-shirt is exactly what I needed.,2024-05-22,Manchester,No
1FD4DC1D,Meera Davis,Electronics,Smartphone,5,"Very pleased with this purchase. It's durable, easy to use, and delivers excellent results. The smartphone is exactly what I needed.",2024-05-22,Chicago,Yes
375BAED7,Hana Sun,Electronics,Smart Watch,4,This product is a game changer! Works amazing and delivery was super fast. 100% satisfied. The smart watch is exactly what I needed.,2024-05-23,Chennai,Yes
920A0C02,Deepak Zhou,Home & Kitchen,Air Fryer,4,Cannot be happier with this purchase. It performs better than expected and looks great too. The air fryer is exactly what I needed.,2024-05-25,Hyderabad,Yes
C7C321AB,Chen Li,Beauty & Personal Care,Shampoo,3,"Acceptable product. Does what it should, no more, no less. Delivery was on time. The shampoo is an average product.",2024-05-26,Pune,Yes
B3A2AD8B,Divya Huang,Home & Kitchen,Blender,4,This is a fantastic product. I've been using it for a month now and it still works perfectly. The blender is exactly what I needed.,2024-05-27,Singapore,No
6D3C52F6,Chen Lee,Clothing,Cotton T-Shirt,4,Loving this product so much! Quality is great and it's very easy to use. Highly recommend. The cotton t-shirt is exactly what I needed.,2024-05-31,Mumbai,No
FA3750AE,Amanda Reddy,Sports & Fitness,Resistance Bands,5,Cannot be happier with this purchase. It performs better than expected and looks great too. The resistance bands is exactly what I needed.,2024-06-01,Delhi,Yes
75382A6E,Nadia Wu,Books,Machine Learning Basics,5,Outstanding product! The attention to detail is impressive. Absolutely worth every penny. The machine learning basics is exactly what I needed.,2024-06-01,Dubai,Yes
FF2AA829,Nadia Qureshi,Books,Clean Code,4,Really impressed with the quality. It's well-designed and works smoothly. Great value for money. The clean code is exactly what I needed.,2024-06-01,Los Angeles,Yes
4786E44E,Jing Iyer,Books,Atomic Habits,4,This product is a game changer! Works amazing and delivery was super fast. 100% satisfied. The atomic habits is exactly what I needed.,2024-06-02,Hyderabad,Yes
1CAB8110,Arun Malik,Beauty & Personal Care,Shampoo,5,Really impressed with the quality. It's well-designed and works smoothly. Great value for money. The shampoo is exactly what I needed.,2024-06-03,Dubai,Yes
B8EC4178,William Zhou,Home & Kitchen,Air Fryer,2,"Awful product. Materials are cheap, performance is terrible, and it broke quickly. Avoid! The air fryer did not meet my expectations.",2024-06-05,Manchester,Yes
A17C9673,Tariq Huang,Home & Kitchen,Coffee Maker,1,Extremely unhappy with this product. It's cheaply made and doesn't perform as advertised. The coffee maker did not meet my expectations.,2024-06-06,Los Angeles,No
E705E9DF,Mei Hussain,Electronics,Bluetooth Speaker,5,Superb quality and great packaging. Product arrived in perfect condition and works brilliantly. The bluetooth speaker is exactly what I needed.,2024-06-07,Hyderabad,Yes
36BBB2D7,Layla Kumar,Beauty & Personal Care,Sunscreen SPF50,5,Five stars without hesitation. This product has made my life so much easier. Love it! The sunscreen spf50 is exactly what I needed.,2024-06-08,Singapore,No
81D170CF,Divya Chen,Home & Kitchen,Robot Vacuum,3,Not bad but not great either. It works fine but the quality could be better for this price. The robot vacuum is an average product.,2024-06-10,Kolkata,Yes
A0DE083B,Yang Shah,Beauty & Personal Care,Sunscreen SPF50,5,Wonderful product at a reasonable price. Functions well and arrived quickly. Will purchase again. The sunscreen spf50 is exactly what I needed.,2024-06-11,Sydney,No
7411D05A,Jing Iyer,Electronics,Smart Watch,4,"Very pleased with this purchase. It's durable, easy to use, and delivers excellent results. The smart watch is exactly what I needed.",2024-06-13,Kolkata,Yes
640F9914,Tariq Joshi,Beauty & Personal Care,Shampoo,1,Broke within a month of use. The quality is extremely poor. Would not recommend to anyone. The shampoo did not meet my expectations.,2024-06-13,Bangalore,Yes
E7252426,Fatima Sharma,Books,The Alchemist,5,Wonderful product at a reasonable price. Functions well and arrived quickly. Will purchase again. The the alchemist is exactly what I needed.,2024-06-14,Chennai,Yes
D6EB799B,Lin Wilson,Books,Data Science Handbook,3,Fairly standard product. Works adequately and packaging was fine. Middle of the road. The data science handbook is an average product.,2024-06-14,Houston,Yes
45277A90,Wei Ali,Beauty & Personal Care,Sunscreen SPF50,5,Wonderful product at a reasonable price. Functions well and arrived quickly. Will purchase again. The sunscreen spf50 is exactly what I needed.,2024-06-14,Hyderabad,No
F38BD087,Tariq Taylor,Electronics,Bluetooth Speaker,1,Product doesn't match the description. Performance is far below average. Very unsatisfied. The bluetooth speaker did not meet my expectations.,2024-06-14,Mumbai,Yes
9705D339,Jing Wang,Beauty & Personal Care,Vitamin C Serum,4,This product is a game changer! Works amazing and delivery was super fast. 100% satisfied. The vitamin c serum is exactly what I needed.,2024-06-15,Abu Dhabi,No
55ED260F,Hana Ali,Clothing,Sports Leggings,5,I'm extremely satisfied with this purchase. The product is exactly as described and works great. The sports leggings is exactly what I needed.,2024-06-16,Kolkata,No
1500F555,Yusuf Ali,Sports & Fitness,Cycling Helmet,4,Five stars without hesitation. This product has made my life so much easier. Love it! The cycling helmet is exactly what I needed.,2024-06-16,Pune,Yes
EB3CF9F0,Ling Joshi,Books,Data Science Handbook,5,Great quality and fast delivery. The product is well-made and does exactly what it's supposed to do. The data science handbook is exactly what I needed.,2024-06-17,Sydney,Yes
D088E0D0,Priya Pillai,Home & Kitchen,Stand Mixer,4,This product is a game changer! Works amazing and delivery was super fast. 100% satisfied. The stand mixer is exactly what I needed.,2024-06-18,New York,Yes
BD9CB862,Omar Zhang,Books,Atomic Habits,5,Loving this product so much! Quality is great and it's very easy to use. Highly recommend. The atomic habits is exactly what I needed.,2024-06-21,Singapore,No
0859A819,Kavitha Li,Sports & Fitness,Dumbbells,5,Cannot be happier with this purchase. It performs better than expected and looks great too. The dumbbells is exactly what I needed.,2024-06-22,Dubai,Yes
CF123392,Divya Mirza,Home & Kitchen,Blender,5,Outstanding product! The attention to detail is impressive. Absolutely worth every penny. The blender is exactly what I needed.,2024-06-22,Bangalore,Yes
CF49DC55,Tariq Joshi,Sports & Fitness,Dumbbells,4,Exceeded my expectations in every way. Very happy with this purchase. Will definitely buy again. The dumbbells is exactly what I needed.,2024-06-23,Chicago,Yes
D5DABB15,Kavitha Singh,Books,Machine Learning Basics,4,Really impressed with the quality. It's well-designed and works smoothly. Great value for money. The machine learning basics is exactly what I needed.,2024-06-23,New York,No
9E3697C2,Hassan Hassan,Home & Kitchen,Coffee Maker,4,This product is a game changer! Works amazing and delivery was super fast. 100% satisfied. The coffee maker is exactly what I needed.,2024-06-24,New York,No
94424F1A,Hana Qureshi,Beauty & Personal Care,Shampoo,4,Best purchase I've made this year. Works perfectly and the build quality is outstanding. The shampoo is exactly what I needed.,2024-06-29,New York,Yes
5D5C53A9,Pooja Anderson,Home & Kitchen,Robot Vacuum,5,Best purchase I've made this year. Works perfectly and the build quality is outstanding. The robot vacuum is exactly what I needed.,2024-07-02,Chennai,Yes
4ABA707C,Yusuf Brown,Sports & Fitness,Yoga Mat,4,Wonderful product at a reasonable price. Functions well and arrived quickly. Will purchase again. The yoga mat is exactly what I needed.,2024-07-04,Bangalore,Yes
BC95AEE6,Zara Zhang,Clothing,Running Shoes,2,Bought this based on reviews but it's complete garbage. Stopped working in a week. Regret. The running shoes did not meet my expectations.,2024-07-06,New York,Yes
D9B7AF82,Nikhil Reddy,Home & Kitchen,Blender,4,Best purchase I've made this year. Works perfectly and the build quality is outstanding. The blender is exactly what I needed.,2024-07-07,Bangalore,No
A91CFD13,Sarah Pillai,Beauty & Personal Care,Sunscreen SPF50,3,Product is okay. Does what it's supposed to but nothing special. Average quality for the price. The sunscreen spf50 is an average product.,2024-07-07,Manchester,Yes
F5A866FB,Omar Yang,Beauty & Personal Care,Electric Toothbrush,5,I'm extremely satisfied with this purchase. The product is exactly as described and works great. The electric toothbrush is exactly what I needed.,2024-07-08,Chennai,Yes
EE789118,Nikhil Smith,Clothing,Denim Jeans,5,Great quality and fast delivery. The product is well-made and does exactly what it's supposed to do. The denim jeans is exactly what I needed.,2024-07-08,Birmingham,Yes
0739A981,Deepak Sharma,Sports & Fitness,Dumbbells,1,Terrible build quality. This product fell apart within days. Deeply disappointed. The dumbbells did not meet my expectations.,2024-07-10,Houston,Yes
47F87DC3,Ahmed Kumar,Books,Atomic Habits,1,Useless product that broke immediately. Packaging was misleading. Customer service unhelpful. The atomic habits did not meet my expectations.,2024-07-13,Houston,Yes
BCB5CBC5,James Li,Beauty & Personal Care,Face Moisturizer,5,This product is a game changer! Works amazing and delivery was super fast. 100% satisfied. The face moisturizer is exactly what I needed.,2024-07-13,Singapore,Yes
4674203C,Lakshmi Yang,Books,Atomic Habits,3,Average experience. Product works but has minor issues that could be improved. The atomic habits is an average product.,2024-07-13,Ahmedabad,Yes
77047C42,James Davis,Clothing,Cotton T-Shirt,3,Mediocre product. Does the job but falls short on a few things I expected. The cotton t-shirt is an average product.,2024-07-13,Birmingham,Yes
DC3ECF12,Ananya Ahmed,Electronics,Smart Watch,4,Great quality and fast delivery. The product is well-made and does exactly what it's supposed to do. The smart watch is exactly what I needed.,2024-07-16,Ahmedabad,Yes
A4C9AE34,Jing Joshi,Home & Kitchen,Stand Mixer,4,Cannot be happier with this purchase. It performs better than expected and looks great too. The stand mixer is exactly what I needed.,2024-07-16,Dubai,Yes
402AEDF2,Layla Pillai,Electronics,Tablet,3,It's functional but unremarkable. Quality seems average for the price range. The tablet is an average product.,2024-07-17,New York,Yes
F73DAB9D,Sanjay White,Beauty & Personal Care,Lip Balm,3,Mediocre product. Does the job but falls short on a few things I expected. The lip balm is an average product.,2024-07-21,Birmingham,Yes
018DF49D,Hassan Wang,Electronics,Laptop,5,"Excellent purchase! The product is solid, stylish, and functions perfectly. Very happy! The laptop is exactly what I needed.",2024-07-22,New York,Yes
CE5FE8B8,James Martinez,Electronics,Bluetooth Speaker,2,Waste of money. Product quality is very poor and it started having issues on day one. The bluetooth speaker did not meet my expectations.,2024-07-22,Ahmedabad,Yes
0EF15F11,Lin Brown,Home & Kitchen,Instant Pot,5,Cannot be happier with this purchase. It performs better than expected and looks great too. The instant pot is exactly what I needed.,2024-07-22,Bangalore,Yes
53553BB5,Emma Wilson,Beauty & Personal Care,Sunscreen SPF50,4,Loving this product so much! Quality is great and it's very easy to use. Highly recommend. The sunscreen spf50 is exactly what I needed.,2024-07-23,Hyderabad,No
2C79466B,Sarah Martinez,Home & Kitchen,Coffee Maker,3,Not bad but not great either. It works fine but the quality could be better for this price. The coffee maker is an average product.,2024-07-23,Bangalore,Yes
03920D2E,Robert Iyer,Sports & Fitness,Resistance Bands,4,Really impressed with the quality. It's well-designed and works smoothly. Great value for money. The resistance bands is exactly what I needed.,2024-07-23,Chicago,No
7AC093DC,Zara Nair,Sports & Fitness,Yoga Mat,3,So-so quality. The product works okay but feels like it could be much better made. The yoga mat is an average product.,2024-07-24,London,Yes
F50344AF,Lakshmi Reddy,Electronics,Smartphone,5,"Very pleased with this purchase. It's durable, easy to use, and delivers excellent results. The smartphone is exactly what I needed.",2024-07-24,Pune,Yes
72FA1B8C,Divya Huang,Electronics,Bluetooth Speaker,1,Low quality and overpriced. Stopped working after a few uses. Not worth buying. The bluetooth speaker did not meet my expectations.,2024-07-25,Ahmedabad,Yes
CBFBBAE9,Sneha Davis,Sports & Fitness,Dumbbells,4,Really impressed with the quality. It's well-designed and works smoothly. Great value for money. The dumbbells is exactly what I needed.,2024-07-31,Manchester,No
860691AA,Wei Sun,Clothing,Denim Jeans,2,Low quality and overpriced. Stopped working after a few uses. Not worth buying. The denim jeans did not meet my expectations.,2024-08-02,Birmingham,Yes
FC49253E,Nadia Joshi,Sports & Fitness,Dumbbells,4,This product is a game changer! Works amazing and delivery was super fast. 100% satisfied. The dumbbells is exactly what I needed.,2024-08-02,Manchester,Yes
156E04B0,Suresh Shah,Books,Data Science Handbook,5,This product is a game changer! Works amazing and delivery was super fast. 100% satisfied. The data science handbook is exactly what I needed.,2024-08-02,Tokyo,Yes
278B69A8,Divya Chen,Beauty & Personal Care,Sunscreen SPF50,5,Exceeded my expectations in every way. Very happy with this purchase. Will definitely buy again. The sunscreen spf50 is exactly what I needed.,2024-08-05,Ahmedabad,Yes
488091D5,Yusuf Hussain,Sports & Fitness,Yoga Mat,5,Loving this product so much! Quality is great and it's very easy to use. Highly recommend. The yoga mat is exactly what I needed.,2024-08-07,Manchester,Yes
22EA6B13,Meera Anderson,Home & Kitchen,Air Fryer,3,Decent enough product. Functionality is adequate but materials feel a bit cheap. The air fryer is an average product.,2024-08-08,Abu Dhabi,No
0FDD5356,Sanjay Taylor,Home & Kitchen,Instant Pot,1,Worst purchase ever. The product doesn't work properly and customer support was unhelpful. The instant pot did not meet my expectations.,2024-08-08,Houston,No
C6060502,Michael Ali,Books,Machine Learning Basics,1,Very bad product. Quality is worse than expected. Cheap materials and poor construction. The machine learning basics did not meet my expectations.,2024-08-10,Manchester,Yes
285E281B,Hui Wu,Books,The Alchemist,5,Really impressed with the quality. It's well-designed and works smoothly. Great value for money. The the alchemist is exactly what I needed.,2024-08-11,New York,Yes
50BF5AD1,Arjun Rahman,Clothing,Formal Shirt,5,Five stars without hesitation. This product has made my life so much easier. Love it! The formal shirt is exactly what I needed.,2024-08-12,Houston,Yes
8D3A803F,Chen Li,Home & Kitchen,Instant Pot,2,"Awful product. Materials are cheap, performance is terrible, and it broke quickly. Avoid! The instant pot did not meet my expectations.",2024-08-12,Chennai,Yes
A0054459,Amanda Lee,Clothing,Denim Jeans,5,Loving this product so much! Quality is great and it's very easy to use. Highly recommend. The denim jeans is exactly what I needed.,2024-08-13,London,No
0F748887,Hana Kumar,Beauty & Personal Care,Vitamin C Serum,5,Incredible product! Does exactly what it's supposed to and the quality is very high. Recommend! The vitamin c serum is exactly what I needed.,2024-08-17,Bangalore,Yes
93D3248D,Deepak Anderson,Books,Clean Code,5,Incredible product! Does exactly what it's supposed to and the quality is very high. Recommend! The clean code is exactly what I needed.,2024-08-18,New York,No
518FB75F,Yusuf Brown,Sports & Fitness,Cycling Helmet,4,Best purchase I've made this year. Works perfectly and the build quality is outstanding. The cycling helmet is exactly what I needed.,2024-08-18,Chicago,No
78C12E99,Ananya Davis,Sports & Fitness,Protein Powder,3,Product is acceptable. It functions adequately but there's definitely room for improvement. The protein powder is an average product.,2024-08-20,Sydney,Yes
A4567747,Robert Huang,Sports & Fitness,Cycling Helmet,5,Highly recommend this to everyone. Excellent value for money and top-notch performance. The cycling helmet is exactly what I needed.,2024-08-21,Pune,No
78E03DF1,Divya Joshi,Electronics,Smartphone,5,Amazing product! Setup was easy and it works flawlessly. Customer support was also very helpful. The smartphone is exactly what I needed.,2024-08-24,Dubai,Yes
B2E37B3D,Suresh Brown,Beauty & Personal Care,Face Moisturizer,4,Best purchase I've made this year. Works perfectly and the build quality is outstanding. The face moisturizer is exactly what I needed.,2024-08-28,Birmingham,Yes
E2BE8D23,Priya Sun,Beauty & Personal Care,Electric Toothbrush,2,Low quality and overpriced. Stopped working after a few uses. Not worth buying. The electric toothbrush did not meet my expectations.,2024-08-29,Singapore,Yes
053CC19F,Nandita Mirza,Books,Atomic Habits,3,Reasonable product. Does its job but there are better alternatives at this price point. The atomic habits is an average product.,2024-08-29,Singapore,Yes
1F7DCAFA,Deepak Wu,Beauty & Personal Care,Lip Balm,4,Wonderful product at a reasonable price. Functions well and arrived quickly. Will purchase again. The lip balm is exactly what I needed.,2024-08-30,Tokyo,Yes
04CF55BF,Lisa Qureshi,Sports & Fitness,Tennis Racket,5,Best purchase I've made this year. Works perfectly and the build quality is outstanding. The tennis racket is exactly what I needed.,2024-09-02,Chennai,No
BBEBE874,Priya Ahmed,Electronics,Smartphone,5,Great quality and fast delivery. The product is well-made and does exactly what it's supposed to do. The smartphone is exactly what I needed.,2024-09-09,Singapore,Yes
03495BC0,Priya Nair,Sports & Fitness,Cycling Helmet,4,Outstanding product! The attention to detail is impressive. Absolutely worth every penny. The cycling helmet is exactly what I needed.,2024-09-11,London,No
D8B43AEE,Wei Chen,Books,Clean Code,4,Absolutely love this product! It exceeded all my expectations. The quality is superb and the delivery was fast. The clean code is exactly what I needed.,2024-09-11,Los Angeles,Yes
4CCAB4A6,Wei Shah,Electronics,Smartphone,4,Wonderful product at a reasonable price. Functions well and arrived quickly. Will purchase again. The smartphone is exactly what I needed.,2024-09-12,Delhi,Yes
D14A4DA8,Ling Sun,Clothing,Cotton T-Shirt,5,Top quality product. Does exactly what it promises. Fast shipping and secure packaging as well. The cotton t-shirt is exactly what I needed.,2024-09-13,Dubai,Yes
693716CD,Yang Johnson,Electronics,Tablet,5,This is a fantastic product. I've been using it for a month now and it still works perfectly. The tablet is exactly what I needed.,2024-09-13,Abu Dhabi,Yes
A9FFFD3E,Suresh Sun,Home & Kitchen,Instant Pot,4,Really impressed with the quality. It's well-designed and works smoothly. Great value for money. The instant pot is exactly what I needed.,2024-09-14,Delhi,Yes
007D3331,Fatima Taylor,Clothing,Formal Shirt,5,This is a fantastic product. I've been using it for a month now and it still works perfectly. The formal shirt is exactly what I needed.,2024-09-15,Delhi,Yes
951EE1CE,Fang Smith,Electronics,Tablet,5,Superb quality and great packaging. Product arrived in perfect condition and works brilliantly. The tablet is exactly what I needed.,2024-09-19,Mumbai,Yes
78F2C7CC,Rahul Chen,Home & Kitchen,Robot Vacuum,2,Terrible build quality. This product fell apart within days. Deeply disappointed. The robot vacuum did not meet my expectations.,2024-09-20,Birmingham,No
4C77F306,Zara Sun,Electronics,Smartphone,5,Really impressed with the quality. It's well-designed and works smoothly. Great value for money. The smartphone is exactly what I needed.,2024-09-25,Kolkata,Yes
BCE389A4,Tariq Lee,Clothing,Formal Shirt,4,Loving this product so much! Quality is great and it's very easy to use. Highly recommend. The formal shirt is exactly what I needed.,2024-09-25,Chennai,Yes
F5AB8E7F,Wei Sun,Beauty & Personal Care,Face Moisturizer,4,Five stars without hesitation. This product has made my life so much easier. Love it! The face moisturizer is exactly what I needed.,2024-09-25,London,Yes
B95F9646,Deepak Yang,Sports & Fitness,Dumbbells,4,Really impressed with the quality. It's well-designed and works smoothly. Great value for money. The dumbbells is exactly what I needed.,2024-09-27,Mumbai,Yes
16F00663,Pooja Malik,Beauty & Personal Care,Lip Balm,5,Highly recommend this to everyone. Excellent value for money and top-notch performance. The lip balm is exactly what I needed.,2024-09-28,Manchester,No
E70D595B,Sneha Ali,Home & Kitchen,Coffee Maker,5,Loving this product so much! Quality is great and it's very easy to use. Highly recommend. The coffee maker is exactly what I needed.,2024-10-04,Delhi,Yes
AAAECDDD,Omar Zhang,Books,Machine Learning Basics,1,"This product is junk. Poor material, poor quality, does not work as promised. Very bad. The machine learning basics did not meet my expectations.",2024-10-05,Singapore,Yes
01E6FD8B,Sarah Hassan,Sports & Fitness,Cycling Helmet,4,Top quality product. Does exactly what it promises. Fast shipping and secure packaging as well. The cycling helmet is exactly what I needed.,2024-10-08,Birmingham,Yes
6AA46F3F,Arjun Mirza,Sports & Fitness,Tennis Racket,4,Cannot be happier with this purchase. It performs better than expected and looks great too. The tennis racket is exactly what I needed.,2024-10-08,Bangalore,Yes
F99BE695,Yang Chen,Sports & Fitness,Cycling Helmet,4,"Very pleased with this purchase. It's durable, easy to use, and delivers excellent results. The cycling helmet is exactly what I needed.",2024-10-09,London,No
9EDBE1FA,Meera Qureshi,Books,Python for Beginners,5,Loving this product so much! Quality is great and it's very easy to use. Highly recommend. The python for beginners is exactly what I needed.,2024-10-09,Hyderabad,Yes
AC9D6173,Sanjay Brown,Beauty & Personal Care,Shampoo,3,The product is average. Nothing to write home about but it serves its purpose. The shampoo is an average product.,2024-10-10,Manchester,No
058BD504,Rahul Liu,Home & Kitchen,Robot Vacuum,5,This is a fantastic product. I've been using it for a month now and it still works perfectly. The robot vacuum is exactly what I needed.,2024-10-11,Pune,Yes
9EFD532F,Emma Joshi,Electronics,Smart Watch,4,"Very pleased with this purchase. It's durable, easy to use, and delivers excellent results. The smart watch is exactly what I needed.",2024-10-12,Pune,No
FB0E8300,Emma Nair,Clothing,Formal Shirt,5,Cannot be happier with this purchase. It performs better than expected and looks great too. The formal shirt is exactly what I needed.,2024-10-12,London,Yes
0B0FDB97,Rahul Pillai,Beauty & Personal Care,Shampoo,4,Top quality product. Does exactly what it promises. Fast shipping and secure packaging as well. The shampoo is exactly what I needed.,2024-10-14,Bangalore,Yes
9D7AC3ED,Arun Ahmed,Home & Kitchen,Air Fryer,4,Loving this product so much! Quality is great and it's very easy to use. Highly recommend. The air fryer is exactly what I needed.,2024-10-14,Singapore,Yes
C18FABB3,Pooja Mirza,Clothing,Running Shoes,4,Amazing product! Setup was easy and it works flawlessly. Customer support was also very helpful. The running shoes is exactly what I needed.,2024-10-15,New York,Yes
D1B207ED,Pooja Reddy,Electronics,Laptop,3,It's alright. Not particularly impressive but does what it claims. Reasonable value. The laptop is an average product.,2024-10-16,Singapore,Yes
19A63650,Zara Ali,Books,Python for Beginners,4,Loving this product so much! Quality is great and it's very easy to use. Highly recommend. The python for beginners is exactly what I needed.,2024-10-16,New York,Yes
1DCE2B9B,Jing Hussain,Home & Kitchen,Air Fryer,3,It's alright. Not particularly impressive but does what it claims. Reasonable value. The air fryer is an average product.,2024-10-16,Bangalore,Yes
463AD6A0,Tariq Nair,Home & Kitchen,Coffee Maker,4,"Very pleased with this purchase. It's durable, easy to use, and delivers excellent results. The coffee maker is exactly what I needed.",2024-10-17,Delhi,Yes
62C3FFD9,Swathi Hussain,Beauty & Personal Care,Lip Balm,5,Wonderful product at a reasonable price. Functions well and arrived quickly. Will purchase again. The lip balm is exactly what I needed.,2024-10-18,Singapore,Yes
AF588C1A,David Wilson,Home & Kitchen,Coffee Maker,5,Great quality and fast delivery. The product is well-made and does exactly what it's supposed to do. The coffee maker is exactly what I needed.,2024-10-19,Manchester,Yes
4234E3A0,Suresh Qureshi,Books,Machine Learning Basics,2,"Save your money. This product is poorly made, doesn't work as advertised, and is overpriced. The machine learning basics did not meet my expectations.",2024-10-20,Singapore,Yes
7595B82C,Wei Singh,Electronics,Wireless Headphones,4,Highly recommend this to everyone. Excellent value for money and top-notch performance. The wireless headphones is exactly what I needed.,2024-10-22,Hyderabad,Yes
79E03B0B,Fang Khan,Home & Kitchen,Coffee Maker,5,Amazing product! Setup was easy and it works flawlessly. Customer support was also very helpful. The coffee maker is exactly what I needed.,2024-10-24,Hyderabad,Yes
2AD11376,Priya Martinez,Clothing,Formal Shirt,5,Loving this product so much! Quality is great and it's very easy to use. Highly recommend. The formal shirt is exactly what I needed.,2024-10-27,Tokyo,Yes
9B36A149,James Sharma,Electronics,Laptop,5,Great quality and fast delivery. The product is well-made and does exactly what it's supposed to do. The laptop is exactly what I needed.,2024-10-28,Kolkata,Yes
A9EAAFB6,Yusuf Sharma,Clothing,Sports Leggings,4,Cannot be happier with this purchase. It performs better than expected and looks great too. The sports leggings is exactly what I needed.,2024-10-30,Bangalore,No
C78345CE,Suresh Li,Sports & Fitness,Dumbbells,4,This product is a game changer! Works amazing and delivery was super fast. 100% satisfied. The dumbbells is exactly what I needed.,2024-11-04,Ahmedabad,Yes
756A3A2D,Deepak Patel,Electronics,Smart Watch,2,Waste of money. Product quality is very poor and it started having issues on day one. The smart watch did not meet my expectations.,2024-11-05,Birmingham,Yes
B2AFB2F7,Fang Li,Home & Kitchen,Air Fryer,4,Best purchase I've made this year. Works perfectly and the build quality is outstanding. The air fryer is exactly what I needed.,2024-11-06,Los Angeles,Yes
8C70029D,Mei Ali,Home & Kitchen,Robot Vacuum,3,So-so quality. The product works okay but feels like it could be much better made. The robot vacuum is an average product.,2024-11-06,Birmingham,No
C01F6DB9,Arun Joshi,Beauty & Personal Care,Electric Toothbrush,5,"Excellent purchase! The product is solid, stylish, and functions perfectly. Very happy! The electric toothbrush is exactly what I needed.",2024-11-07,Houston,Yes
63E78489,Zara Qureshi,Home & Kitchen,Coffee Maker,5,This product is a game changer! Works amazing and delivery was super fast. 100% satisfied. The coffee maker is exactly what I needed.,2024-11-07,Chennai,Yes
1E59E55E,Deepak Gupta,Books,Machine Learning Basics,3,Not bad but not great either. It works fine but the quality could be better for this price. The machine learning basics is an average product.,2024-11-13,Chennai,Yes
EB0E343B,James Pillai,Home & Kitchen,Blender,1,Not as described at all. The quality is terrible and it barely functions. Very disappointed. The blender did not meet my expectations.,2024-11-15,Los Angeles,Yes
61B05567,Pooja Taylor,Books,Atomic Habits,2,Product arrived damaged and customer service refused to help. Very frustrating experience. The atomic habits did not meet my expectations.,2024-11-16,Bangalore,Yes
F35808E3,Rohan Qureshi,Electronics,Wireless Headphones,5,I'm extremely satisfied with this purchase. The product is exactly as described and works great. The wireless headphones is exactly what I needed.,2024-11-17,Sydney,Yes
4C7B6FE1,Omar Huang,Electronics,Smart Watch,4,Absolutely love this product! It exceeded all my expectations. The quality is superb and the delivery was fast. The smart watch is exactly what I needed.,2024-11-19,Ahmedabad,Yes
9705431B,Deepak Mirza,Sports & Fitness,Cycling Helmet,2,Poor quality product. Multiple defects and customer service was completely unresponsive. The cycling helmet did not meet my expectations.,2024-11-22,New York,Yes
DA97C4AF,Yang Li,Electronics,Wireless Headphones,4,I'm extremely satisfied with this purchase. The product is exactly as described and works great. The wireless headphones is exactly what I needed.,2024-11-22,Chennai,Yes
8E06EBED,Vikram Shah,Sports & Fitness,Cycling Helmet,1,Not as described at all. The quality is terrible and it barely functions. Very disappointed. The cycling helmet did not meet my expectations.,2024-11-24,Birmingham,Yes
EE4480B2,Sarah Martinez,Beauty & Personal Care,Vitamin C Serum,3,It's decent. Not the best I've used but not the worst either. Gets the job done. The vitamin c serum is an average product.,2024-12-01,Chennai,Yes
25F1C658,Ahmed Wilson,Electronics,Bluetooth Speaker,4,I'm extremely satisfied with this purchase. The product is exactly as described and works great. The bluetooth speaker is exactly what I needed.,2024-12-02,Chennai,Yes
0291B001,Lin Li,Home & Kitchen,Blender,3,Product meets expectations at a basic level. Not exceptional but acceptable overall. The blender is an average product.,2024-12-04,Hyderabad,Yes
3CB3673F,Swathi Patel,Beauty & Personal Care,Lip Balm,4,"Excellent purchase! The product is solid, stylish, and functions perfectly. Very happy! The lip balm is exactly what I needed.",2024-12-07,Ahmedabad,No
9BF1538C,Xiao Hussain,Sports & Fitness,Dumbbells,1,Not as described at all. The quality is terrible and it barely functions. Very disappointed. The dumbbells did not meet my expectations.,2024-12-08,Kolkata,No
A00335F7,Fang Anderson,Clothing,Formal Shirt,5,Top quality product. Does exactly what it promises. Fast shipping and secure packaging as well. The formal shirt is exactly what I needed.,2024-12-08,New York,Yes
0B4A6EAC,Fang Taylor,Home & Kitchen,Instant Pot,2,Waste of money. Product quality is very poor and it started having issues on day one. The instant pot did not meet my expectations.,2024-12-10,Tokyo,No
64BE12AC,Mei Iyer,Sports & Fitness,Dumbbells,5,Best purchase I've made this year. Works perfectly and the build quality is outstanding. The dumbbells is exactly what I needed.,2024-12-10,Delhi,No
992DC34B,William Ahmed,Sports & Fitness,Cycling Helmet,1,Do not buy this! The product malfunctioned on day one. Total disappointment. The cycling helmet did not meet my expectations.,2024-12-13,Houston,No
D28FD700,Tariq Singh,Home & Kitchen,Robot Vacuum,4,"Very pleased with this purchase. It's durable, easy to use, and delivers excellent results. The robot vacuum is exactly what I needed.",2024-12-13,Chicago,Yes
E6882B93,Amanda Wang,Home & Kitchen,Instant Pot,4,Five stars without hesitation. This product has made my life so much easier. Love it! The instant pot is exactly what I needed.,2024-12-16,Kolkata,Yes
BDBB4B32,Emma Chen,Sports & Fitness,Resistance Bands,5,Amazing product! Setup was easy and it works flawlessly. Customer support was also very helpful. The resistance bands is exactly what I needed.,2024-12-17,Houston,Yes
060EFF01,Ahmed Reddy,Home & Kitchen,Stand Mixer,3,It's alright. Not particularly impressive but does what it claims. Reasonable value. The stand mixer is an average product.,2024-12-17,Bangalore,Yes
2C1B3A38,Nandita White,Electronics,Wireless Headphones,3,Product is satisfactory. Delivery was timely and packaging was adequate. Just okay. The wireless headphones is an average product.,2024-12-20,Tokyo,Yes
6ACB8F07,Swathi Rahman,Books,Data Science Handbook,5,Really impressed with the quality. It's well-designed and works smoothly. Great value for money. The data science handbook is exactly what I needed.,2024-12-24,Chennai,Yes
1240648F,Amanda Reddy,Home & Kitchen,Air Fryer,3,The product is average. Nothing to write home about but it serves its purpose. The air fryer is an average product.,2024-12-25,Ahmedabad,Yes
E9170D9E,Divya Yang,Sports & Fitness,Cycling Helmet,4,Amazing product! Setup was easy and it works flawlessly. Customer support was also very helpful. The cycling helmet is exactly what I needed.,2024-12-25,Pune,No
4B669E23,Jennifer Kumar,Sports & Fitness,Cycling Helmet,3,It's decent. Not the best I've used but not the worst either. Gets the job done. The cycling helmet is an average product.,2024-12-28,Abu Dhabi,Yes
E4D57DA0,Meera Qureshi,Home & Kitchen,Stand Mixer,5,Really impressed with the quality. It's well-designed and works smoothly. Great value for money. The stand mixer is exactly what I needed.,2024-12-28,Kolkata,Yes
5EC2057F,James Malik,Home & Kitchen,Instant Pot,5,This product is a game changer! Works amazing and delivery was super fast. 100% satisfied. The instant pot is exactly what I needed.,2024-12-30,Sydney,Yes
F1D8BE1F,Swathi Hussain,Clothing,Sports Leggings,5,Exceeded my expectations in every way. Very happy with this purchase. Will definitely buy again. The sports leggings is exactly what I needed.,2024-12-31,Houston,No
54C97CA9,Nikhil Anderson,Beauty & Personal Care,Vitamin C Serum,3,Average product. Delivery was fine. Works as expected. Nothing extraordinary about it. The vitamin c serum is an average product.,2024-12-31,New York,Yes
319D8FBC,Sarah Wang,Books,Python for Beginners,1,Do not buy this! The product malfunctioned on day one. Total disappointment. The python for beginners did not meet my expectations.,2024-12-31,Abu Dhabi,No
